{"cameraMode":{"drawMode":0,"name":"Shaded","section":"Shading Mode"},"sceneLighting":true,"audioPlay":false,"sceneViewState":{"m_AlwaysRefresh":false,"showFog":true,"showSkybox":true,"showFlares":true,"showImageEffects":true,"showParticleSystems":true,"showVisualEffectGraphs":true,"m_FxEnabled":true},"in2DMode":false,"pivot":{"x":22.83678436279297,"y":3.884479522705078,"z":16.660215377807618},"rotation":{"x":0.004114819224923849,"y":0.974223792552948,"z":-0.22483165562152863,"w":0.017831366509199144},"size":10.920249938964844,"orthographic":false}