{"cameraMode":{"drawMode":0,"name":"Shaded","section":"Shading Mode"},"sceneLighting":true,"audioPlay":false,"sceneViewState":{"m_AlwaysRefresh":false,"showFog":true,"showSkybox":true,"showFlares":true,"showImageEffects":true,"showParticleSystems":true,"showVisualEffectGraphs":true,"m_FxEnabled":true},"in2DMode":false,"pivot":{"x":476.9557800292969,"y":128.81935119628907,"z":-298.649169921875},"rotation":{"x":0.02818647399544716,"y":0.000911890238057822,"z":0.000026543875719653443,"w":-0.9995991587638855},"size":7.373407363891602,"orthographic":false}