{"cameraMode":{"drawMode":0,"name":"Shaded","section":"Shading Mode"},"sceneLighting":true,"audioPlay":false,"sceneViewState":{"m_AlwaysRefresh":false,"showFog":true,"showSkybox":true,"showFlares":true,"showImageEffects":true,"showParticleSystems":true,"showVisualEffectGraphs":true,"m_FxEnabled":true},"in2DMode":false,"pivot":{"x":12.641801834106446,"y":-1.3170814514160157,"z":21.357959747314454},"rotation":{"x":0.02866339311003685,"y":0.9301439523696899,"z":-0.35842663049697878,"w":0.07438452541828156},"size":10.365612983703614,"orthographic":false}